{"validation_accuracy":0.815,"validation_error":0.532517223620983,"_wandb":{"runtime":297},"_runtime":297.0730451,"_step":19,"train_accuracy":0.8207777777777778,"_timestamp":1.7414654278626227e+09,"train_error":0.5180437151850822}