{"train_accuracy": 0.8220925925925926, "_timestamp": 1741464871.3843453, "_runtime": 403.95255732536316, "_step": 19, "train_error": 0.5052326022063997, "validation_accuracy": 0.8145, "validation_error": 0.5278286774142746, "_wandb": {"runtime": 402}}