{"train_accuracy": 0.6898148148148148, "_timestamp": 1741467983.2960443, "_runtime": 580.6370394229889, "_step": 3, "train_error": Infinity, "validation_accuracy": 0.694, "validation_error": Infinity}