{"train_error":0.051512791636564664,"validation_accuracy":0.9688333333333333,"validation_error":0.10094160351107359,"_wandb":{"runtime":2199},"train_accuracy":0.9852962962962963,"_timestamp":1.7421211394904041e+09,"_runtime":2162.3421715,"_step":59}