{"validation_accuracy":0.795,"validation_error":0.5570935638197153,"_wandb":{"runtime":18},"_runtime":18.5603358,"_step":19,"train_accuracy":0.8022777777777778,"_timestamp":1.7414364978446226e+09,"train_error":0.5422339876135837}