{"_wandb":{"runtime":256},"validation_accuracy":0.6525,"_timestamp":1.7411828561283464e+09,"_runtime":256.4934844,"_step":1,"validation_error":1.1101253955866848}