{"_wandb":{"runtime":417},"train_accuracy":0.6198703703703704,"_timestamp":1.7412815583484964e+09,"_runtime":417.6694554,"_step":19,"train_error":1.1918264683203061,"validation_accuracy":0.6238333333333334,"validation_error":1.1845330876670912}