{"validation_error":0.40062929531993663,"_wandb":{"runtime":144},"_step":3,"train_accuracy":0.8558333333333333,"_timestamp":1.7415115554031627e+09,"_runtime":100.8466589,"train_error":0.3912400814629097,"validation_accuracy":0.8496666666666667}