{"train_accuracy": 0.9137962962962963, "_timestamp": 1741492068.6582725, "_runtime": 3509.0278084278107, "_step": 39, "train_error": 0.2247838081465228, "validation_accuracy": 0.8848333333333334, "validation_error": 0.31490285071460256, "_wandb": {"runtime": 3508}}