{"train_error":0.07293214827523657,"validation_accuracy":0.969,"validation_error":0.10058983641320603,"_wandb":{"runtime":1362},"train_accuracy":0.9800555555555556,"_timestamp":1.742118123902481e+09,"_runtime":1324.2358744,"_step":39}