{"_timestamp":1.7421901713919683e+09,"_runtime":86.7533985,"_step":3,"train_error":0.2593843864509842,"validation_accuracy":0.924,"validation_error":0.26015071947955776,"_wandb":{"runtime":112},"train_accuracy":0.9228148148148149}