{"_wandb":{"runtime":1641},"train_accuracy":0.10025925925925926,"_timestamp":1.7414650597678306e+09,"_runtime":1641.1513368,"_step":19,"train_error":2.304161802508086,"validation_accuracy":0.09766666666666667,"validation_error":2.3039933298246114}