{"train_accuracy": 0.10025925925925926, "_timestamp": 1741576873.355594, "_runtime": 1208.4909708499908, "_step": 39, "train_error": 0.983492369462783, "validation_accuracy": 0.09766666666666667, "validation_error": 0.9847951854541735, "_wandb": {"runtime": 1207}}