{"_wandb":{"runtime":220},"_step":1,"validation_accuracy":0.6453333333333333,"_timestamp":1.7411812167731748e+09,"_runtime":220.3775432,"validation_error":1.1365138675752509}