{"train_accuracy": 0.49094444444444446, "_timestamp": 1741243741.8482096, "_runtime": 280.15719771385193, "_step": 7, "train_error": 1.5482463825352892, "validation_accuracy": 0.49683333333333335, "validation_error": 1.538354719272118}