{"_wandb":{"runtime":91},"_runtime":91.1871865,"_step":19,"train_accuracy":0.21638888888888888,"_timestamp":1.741416970043946e+09,"train_error":0.9484383318178513,"validation_accuracy":0.224,"validation_error":0.9463237710244095}