{"_runtime":20.1001717,"_step":19,"train_error":0.5610212886984365,"validation_accuracy":0.797,"validation_error":0.5831445073641717,"_wandb":{"runtime":20},"train_accuracy":0.7993703703703704,"_timestamp":1.7414366114398127e+09}