{"train_accuracy": 0.7471111111111111, "_timestamp": 1741473904.3950822, "_runtime": 1317.5296671390533, "_step": 9, "train_error": 3.4896499517749913, "validation_accuracy": 0.7126666666666667, "validation_error": 3.967674031248573}