{"validation_accuracy":0.22166666666666668,"validation_error":1.1109286520558803,"_wandb":{"runtime":383},"_timestamp":1.741338625728276e+09,"_runtime":383.4037289,"_step":19,"train_accuracy":0.21868518518518518,"train_error":1.1150218513041308}