{"train_accuracy": 0.1, "_timestamp": 1741561115.0672736, "_runtime": 1234.5678226947784, "_step": 59, "train_error": 0.9001015552779779, "validation_accuracy": 0.1, "validation_error": 0.9000873501599934, "_wandb": {"runtime": 1233}}