{"_wandb":{"runtime":36},"train_accuracy":0.10303703703703704,"_timestamp":1.7412344430196476e+09,"_runtime":36.8867956,"_step":19,"train_error":1.7123689486434603,"validation_accuracy":0.102,"validation_error":1.709536349932933}