{"_timestamp":1.7421241607168365e+09,"train_error":0.13009767504502529,"validation_accuracy":0.9585,"validation_error":0.1487669907866241,"_wandb":{"runtime":2008},"_runtime":1955.0792717,"_step":55,"train_accuracy":0.9634259259259259}