{"_step":1,"validation_accuracy":0.6318333333333334,"_timestamp":1.7411819412396083e+09,"_runtime":238.3708283,"validation_error":1.1689805178595671,"_wandb":{"runtime":238}}