{"_runtime":17.1559383,"_step":19,"train_error":0.6923183695215872,"validation_accuracy":0.7781666666666667,"validation_error":0.706743101082352,"_wandb":{"runtime":17},"train_accuracy":0.785537037037037,"_timestamp":1.7414366845541263e+09}