{"validation_accuracy":0.626,"validation_error":1.1681117833646975,"_wandb":{"runtime":386},"_timestamp":1.7412415494466743e+09,"_runtime":386.0119964,"_step":19,"train_accuracy":0.6262962962962964,"train_error":1.1712353534480235}