{"train_accuracy": 0.7179074074074074, "_timestamp": 1741498805.264068, "_runtime": 248.32950377464294, "_step": 3, "train_error": 0.7924754811863237, "validation_accuracy": 0.7061666666666667, "validation_error": 0.8248537312321519}