{"_wandb":{"runtime":18},"train_accuracy":0.38416666666666666,"_timestamp":1.7414362255837755e+09,"_runtime":18.7736159,"_step":19,"train_error":1.9437260654582351,"validation_accuracy":0.376,"validation_error":1.9444077781906701}