{"train_accuracy": 0.9302962962962963, "_timestamp": 1741488475.912347, "_runtime": 4497.40153503418, "_step": 59, "train_error": 0.1845972854951272, "validation_accuracy": 0.8918333333333334, "validation_error": 0.3076143836874893, "_wandb": {"runtime": 4496}}