{"train_accuracy": 0.1010925925925926, "_timestamp": 1741466849.4659102, "_runtime": 342.9058482646942, "_step": 19, "train_error": Infinity, "validation_accuracy": 0.09883333333333333, "validation_error": Infinity, "_wandb": {"runtime": 341}}