{"train_accuracy": 0.9047037037037037, "_timestamp": 1741496396.957874, "_runtime": 4238.048928976059, "_step": 59, "train_error": 0.2543282215618149, "validation_accuracy": 0.8806666666666667, "validation_error": 0.3179720207097867, "_wandb": {"runtime": 4237}}