{"train_accuracy": 0.0997962962962963, "_timestamp": 1741498796.7356052, "_runtime": 292.1174533367157, "_step": 3, "train_error": 2.30669987780484, "validation_accuracy": 0.10183333333333333, "validation_error": 2.3076173640149835}