{"validation_error":1.181451693584393,"_wandb":{"runtime":355},"train_accuracy":0.6205555555555555,"_timestamp":1.7412374231320958e+09,"_runtime":355.4286877,"_step":19,"train_error":1.1836742376361633,"validation_accuracy":0.6245}