{"_wandb":{"runtime":45},"train_accuracy":0.28355555555555556,"_timestamp":1.7412342738781922e+09,"_runtime":45.2142711,"_step":19,"train_error":1.8682669624417212,"validation_accuracy":0.2786666666666667,"validation_error":1.8716970964833182}