{"_step":7,"train_accuracy":0.5697777777777778,"_timestamp":1.7412078279619105e+09,"train_error":1.3808763248601745,"validation_accuracy":0.5725,"validation_error":1.3569696847187074,"_wandb":{"runtime":553},"_runtime":394.4188641}