{"train_accuracy": 0.09822222222222222, "_timestamp": 1741459391.6060894, "_runtime": 278.1347963809967, "_step": 3, "train_error": 12.946081677390323, "validation_accuracy": 0.09966666666666667, "validation_error": 12.891593541029113}