{"validation_error":0.5498494706191386,"_wandb":{"runtime":25},"_step":19,"train_accuracy":0.843925925925926,"_timestamp":1.7414366487579958e+09,"_runtime":25.6843005,"train_error":0.5284483375483071,"validation_accuracy":0.8325}