{"_wandb":{"runtime":19},"_step":19,"train_accuracy":0.7368518518518519,"_timestamp":1.7414367187079566e+09,"_runtime":19.7535537,"train_error":0.8305876190176167,"validation_accuracy":0.7331666666666666,"validation_error":0.8347633981291531}