{"validation_error":3.5211203724578843,"_wandb":{"runtime":358},"_step":19,"train_accuracy":0.101,"_timestamp":1.7412400507225144e+09,"_runtime":358.2226885,"train_error":3.56279996099321,"validation_accuracy":0.0975}