{"train_accuracy": 0.9003888888888889, "_timestamp": 1741485401.5149655, "_runtime": 3541.241071462631, "_step": 59, "train_error": 0.26339297768280345, "validation_accuracy": 0.8765, "validation_error": 0.3232657032975176, "_wandb": {"runtime": 3540}}