{"train_accuracy": 0.8719814814814815, "_timestamp": 1741575434.6419923, "_runtime": 4330.754282236099, "_step": 59, "train_error": 0.18783825586340203, "validation_accuracy": 0.8618333333333333, "validation_error": 0.2007186674160671, "_wandb": {"runtime": 4330}}