{"_step":19,"train_error":2.119580207633448,"validation_accuracy":0.2911666666666667,"validation_error":2.12041034896248,"_wandb":{"runtime":41},"train_accuracy":0.29024074074074074,"_timestamp":1.7412342902596216e+09,"_runtime":41.4072177}