{"train_error":0.5452424919037153,"validation_accuracy":0.8166666666666667,"validation_error":0.5594242860786676,"_wandb":{"runtime":19},"train_accuracy":0.8206666666666667,"_timestamp":1.7414361901080952e+09,"_runtime":19.644924,"_step":19}