{"train_accuracy": 0.5644259259259259, "_timestamp": 1741470087.5024512, "_runtime": 313.80568408966064, "_step": 19, "train_error": 4.169082262458741, "validation_accuracy": 0.5558333333333333, "validation_error": 4.2729154122172455, "_wandb": {"runtime": 312}}