{"validation_accuracy":0.22133333333333333,"validation_error":2.171965566086217,"_wandb":{"runtime":18},"train_accuracy":0.2258148148148148,"_timestamp":1.7414362579067395e+09,"_runtime":18.3827861,"_step":19,"train_error":2.1667561795119528}