{"train_accuracy": 0.2896296296296296, "_timestamp": 1741385019.958088, "_runtime": 111.00020503997803, "_step": 19, "train_error": 0.9710012717066553, "validation_accuracy": 0.2916666666666667, "validation_error": 0.9679939127224875, "_wandb": {"runtime": 110}}