{"validation_error":1.200787246843492,"_wandb":{"runtime":427},"_runtime":339.5769154,"_step":15,"train_accuracy":0.6108888888888889,"_timestamp":1.7412368714603794e+09,"train_error":1.2295344569392372,"validation_accuracy":0.6226666666666667}