{"validation_error":1.1285776455087833,"_wandb":{"runtime":1002},"train_accuracy":0.6283518518518518,"_timestamp":1.741209022870041e+09,"_runtime":1002.5316115,"_step":19,"train_error":1.147600716401532,"validation_accuracy":0.6386666666666667}