{"validation_accuracy":0.8311666666666667,"validation_error":0.5024746608408069,"_wandb":{"runtime":22},"train_accuracy":0.8441481481481482,"_timestamp":1.7414361550016506e+09,"_runtime":22.8293148,"_step":19,"train_error":0.4699478371565176}