{"_runtime":1455.9633759,"_step":59,"train_error":0.18459728549506063,"validation_accuracy":0.8918333333333334,"validation_error":0.30761438368743965,"_wandb":{"runtime":1463},"train_accuracy":0.9302962962962963,"_timestamp":1.7416109020448492e+09}