{"_wandb":{"runtime":417},"_step":19,"train_accuracy":0.6575555555555556,"_timestamp":1.7411876658335412e+09,"_runtime":417.2767369,"train_error":1.071731273231304,"validation_accuracy":0.6558333333333334,"validation_error":1.0610824586278509}