{"_step":3,"train_error":2.097485644067823,"validation_accuracy":0.3375,"validation_error":2.0924905799399833,"_wandb":{"runtime":100},"train_accuracy":0.3426296296296296,"_timestamp":1.7412346075765312e+09,"_runtime":99.0989824}