{"_step":19,"train_accuracy":0.8406111111111111,"train_error":0.48567382013487637,"validation_accuracy":0.8298333333333333,"validation_error":0.505078823319133,"_wandb":{"runtime":18},"_timestamp":1.7414361180699034e+09,"_runtime":18.1751574}