{"train_accuracy": 0.8798518518518519, "_timestamp": 1741566632.142761, "_runtime": 1181.238895893097, "_step": 59, "train_error": 0.17842864590842145, "validation_accuracy": 0.8641666666666666, "validation_error": 0.19390613264574405, "_wandb": {"runtime": 1180}}