{"_timestamp":1.7415931124118376e+09,"_runtime":1658.3690658,"_step":59,"train_error":0.18459728549506063,"validation_accuracy":0.8918333333333334,"validation_error":0.30761438368743965,"_wandb":{"runtime":1660},"train_accuracy":0.9302962962962963}