{"_wandb":{"runtime":488},"_step":19,"train_accuracy":0.624537037037037,"_timestamp":1.741267387430916e+09,"_runtime":488.5865062,"train_error":1.1850106176704294,"validation_accuracy":0.6236666666666667,"validation_error":1.1816024881582092}