{"_runtime":314.0260711,"_step":3,"train_error":1.1677888593190233,"validation_accuracy":0.6381666666666667,"validation_error":1.1641833358343252,"_wandb":{"runtime":314},"train_accuracy":0.6368703703703704,"_timestamp":1.7411871382352471e+09}