{"validation_error":0.09542909153708866,"_wandb":{"runtime":707},"train_accuracy":0.32996296296296296,"_timestamp":1.7413372282851076e+09,"_runtime":707.5112227,"_step":19,"train_error":0.09534199754570367,"validation_accuracy":0.3305}