{"validation_error":1.00178414471457,"_wandb":{"runtime":68},"train_accuracy":0.24705555555555556,"_timestamp":1.7413849380413868e+09,"_runtime":68.6062837,"_step":19,"train_error":1.0006018890811426,"validation_accuracy":0.24433333333333335}