{"_step":1,"validation_error":1.1044103472161308,"_wandb":{"runtime":239},"validation_accuracy":0.653,"_timestamp":1.7411836664636998e+09,"_runtime":239.4574405}