{"_step":19,"train_error":1.1296286231363326,"validation_accuracy":0.6556666666666666,"validation_error":1.1143137628002853,"_wandb":{"runtime":419},"train_accuracy":0.6481111111111111,"_timestamp":1.7412447594575927e+09,"_runtime":419.6559895}