{"train_accuracy": 0.14855555555555555, "_timestamp": 1741417299.0282495, "_runtime": 125.59509253501892, "_step": 19, "train_error": 0.9571284696781236, "validation_accuracy": 0.14983333333333335, "validation_error": 0.9596477695309439, "_wandb": {"runtime": 124}}