{"train_error":1.1376663551612594,"validation_accuracy":0.6398333333333334,"validation_error":1.1534425216395436,"_wandb":{"runtime":838},"train_accuracy":0.6432037037037037,"_timestamp":1.741280879636579e+09,"_runtime":838.7860518,"_step":19}