{"_runtime":709.5256217,"_step":19,"train_error":1.1569290102583014,"validation_accuracy":0.6488333333333334,"validation_error":1.1311409882990044,"_wandb":{"runtime":709},"train_accuracy":0.6381296296296296,"_timestamp":1.7412457564753435e+09}