{"validation_error":0.3973827156377955,"_wandb":{"runtime":505},"train_accuracy":0.8681296296296296,"_timestamp":1.7421166440214498e+09,"_runtime":458.1447874,"_step":15,"train_error":0.37047697329436724,"validation_accuracy":0.8553333333333333}