{"_runtime":326.5610859,"_step":19,"train_error":4.143783426456452,"validation_accuracy":0.08283333333333333,"validation_error":4.062893520878434,"_wandb":{"runtime":326},"train_accuracy":0.07655555555555556,"_timestamp":1.7412395394170885e+09}